盲标工单ID,号码(question_form_id=conversation_id),判定,上游工单详情查询结果,工单详情调用次数,工单详情最小字节,工单详情最大字节,聊天记录调用次数,聊天记录最大字节,盲标工单创建时间,事件发生时间,分类,指派数,标注数,已提交(completed)指派,问题摘要
wo-c1726c60a1dc444e8c2bfc9b,2108086877172007936,疑似会话号(非工单号),工单详情查不到(123/124字节),3,124,124,104,1057,2026-10-08 06:50:46.905560,2026-10-08 06:47:40.559520,cat-qc-standard,4,9,3,问题类型：质检问题 问题描述：后壳序列号缺失怎么验机 转人工原因：更信任人工
wo-8555364012b74f1887659e8b,2108085642708648961,疑似会话号(非工单号),工单详情查不到(123/124字节),3,124,124,42,597,2026-10-08 06:50:46.912545,2026-10-08 06:45:56.395496,cat-qc-standard,4,9,3,问题类型：质检问题 问题描述：客户在转转买的，后壳防拆标还在还需要拆吗 转人工原因：更信任人工
wo-864b2944d5b04e08a6b98c78,2108085605224158210,疑似会话号(非工单号),工单详情查不到(123/124字节),3,123,124,99,764,2026-10-08 06:51:14.407305,2026-10-08 06:42:41.170646,cat-qc-standard,4,9,3,问题类型：质检问题 问题描述：充电口掉漆 转人工原因：答非所问
wo-dd184e5775d14a6cbdb9f8b5,2108083496294552578,疑似会话号(非工单号),工单详情查不到(123/124字节),5,121,124,65,689,2026-10-08 06:51:14.429461,2026-10-08 06:36:52.639990,cat-qc-standard,4,5,3,问题类型：质检问题 问题描述：镜头进灰 转人工原因：更信任人工
wo-96b76d17e7b046e68e0fec26,2108082231477011456,疑似会话号(非工单号),工单详情查不到(123/124字节),5,122,124,179,781,2026-10-08 06:51:14.454954,2026-10-08 06:29:09.974080,cat-qc-standard,4,9,3,问题类型：质检问题 问题描述：关于本机正品部件，一根线读取电池异常，选什么 转人工原因：答非所问
wo-1e87ec7fb2d941a795c56fe7,2108088562053288962,疑似会话号(非工单号),工单详情查不到(123/124字节),4,122,124,40,822,2026-10-08 07:01:48.314023,2026-10-08 06:55:46.401998,cat-qc-standard,4,9,3,问题类型：质检问题 问题描述：关于本机正品部件，一根线读取电池异常，选什么 转人工原因：更信任人工
wo-0d5a0ff24597405692d0007d,2108108081597518337,疑似会话号(非工单号),工单详情查不到(123/124字节),3,124,124,48,1071,2026-10-08 08:16:16.385104,2026-10-08 08:16:08.761423,cat-qc-standard,4,5,3,问题类型：质检问题 问题描述：手机天线是否存在缝隙问题 转人工原因：答非所问
wo-e8f2ba8e43c54de2bb44fe51,2108107914798433280,疑似会话号(非工单号),工单详情查不到(123/124字节),4,123,124,92,1907,2026-10-08 08:16:16.388409,2026-10-08 08:16:08.444129,cat-qc-standard,4,9,3,问题类型：质检问题 问题描述：字体或标识边缘有规则印记怎么判定？ 转人工原因：更信任人工
wo-7945630159d240e9ae78289e,2108107392020386304,疑似会话号(非工单号),工单详情查不到(123/124字节),3,124,124,20,739,2026-10-08 08:16:16.418608,2026-10-08 08:09:09.708789,cat-qc-standard,4,9,3,问题类型：质检问题 问题描述：磕碰掉漆还是划痕 转人工原因：更信任人工
wo-b612b03f0255461394a15c2b,2108364446433809408,疑似会话号(非工单号),工单详情查不到(123/124字节),3,123,123,39,1138,2026-10-09 02:29:46.928417,2026-10-09 01:12:32.567170,cat-qc-standard,3,9,3,问题类型：质检问题 问题描述：AirPods定位功能正常怎么判定？ 转人工原因：该问题没有相关知识
wo-b2ad493763af41b980f8299c,2108361835345347584,疑似会话号(非工单号),工单详情查不到(123/124字节),4,123,124,143,1359,2026-10-09 02:29:47.124923,2026-10-09 01:02:18.379985,cat-qc-standard,3,9,3,问题类型：质检问题 问题描述：关于本机正品部件，一根线读取电池异常，选什么 转人工原因：更信任人工
wo-9d685149eac64d66877ce10e,2108194219679024129,疑似会话号(非工单号),工单详情查不到(123/124字节),3,123,124,44,1278,2026-10-09 02:29:47.137641,2026-10-08 14:00:25.641446,cat-qc-standard,3,9,3,问题类型：质检问题 问题描述：请求确认型号是否正确 转人工原因：回答内容无法理解
wo-6c23a542b2984667a5eb3e71,2108185742562825216,疑似会话号(非工单号),工单详情查不到(123/124字节),7,123,124,82,763,2026-10-09 02:29:47.175455,2026-10-08 13:31:52.900185,cat-qc-standard,3,9,3,问题类型：质检问题 问题描述：摄像头有印记怎么判定 转人工原因：更信任人工
wo-fe97a885968e4ab4bc7415eb,2108175271759709184,疑似会话号(非工单号),工单详情查不到(123/124字节),2,124,124,73,915,2026-10-09 03:42:58.654330,2026-10-08 12:39:04.632070,cat-case-analysis,3,4,2,问题类型：质检问题 问题描述：第三方标识 转人工原因：更信任人工
wo-614a144e529542dbae71a023,2108173975791079936,疑似会话号(非工单号),工单详情查不到(123/124字节),3,123,124,32,792,2026-10-09 03:42:58.670449,2026-10-08 12:36:55.391997,cat-qc-standard,3,9,3,问题类型：质检问题 问题描述：已激活且无法还原的手机能回收吗 转人工原因：更信任人工
wo-1edab5f7d92846628e09fa1e,2108170258631103488,疑似会话号(非工单号),工单详情查不到(123/124字节),4,123,124,76,1534,2026-10-09 03:42:58.721750,2026-10-08 12:20:37.132069,cat-extra-knowledge,4,5,3,问题类型：质检问题 问题描述：镜头卡口型号怎么判断？ 转人工原因：更信任人工
wo-b40d41dceef64ec389b1f65a,2108168088137499648,疑似会话号(非工单号),工单详情查不到(123/124字节),2,123,124,104,1625,2026-10-09 03:42:58.730562,2026-10-08 12:17:08.125965,cat-case-analysis,4,6,2,问题类型：质检问题 问题描述：摄像头拍摄画面有明显色偏怎么处理？ 转人工原因：更信任人工
wo-b0c30a72bbe04245b42378d0,2108169311079105536,疑似会话号(非工单号),工单详情查不到(123/124字节),2,124,124,59,876,2026-10-09 03:42:58.733022,2026-10-08 12:17:05.473913,cat-qc-standard,4,2,2,问题类型：质检问题 问题描述：笔记本内存硬盘是品牌的吗 转人工原因：问题复杂不确定怎么问
wo-34ebe3874e8d421680ce4f2e,2108168917347209728,疑似会话号(非工单号),工单详情查不到(123/124字节),2,124,124,38,957,2026-10-09 03:42:58.736725,2026-10-08 12:16:38.288231,cat-qc-standard,4,6,2,问题类型：质检问题 问题描述：内存和硬盘是不是品牌 转人工原因：更信任人工
wo-c90bf73d0a1343739e3a7f2a,2108167205626580992,疑似会话号(非工单号),工单详情查不到(123/124字节),2,123,123,32,1274,2026-10-09 03:52:57.033831,2026-10-08 12:06:52.657552,cat-case-analysis,4,6,2,问题类型：质检问题 问题描述：闪光灯样式是否正常 转人工原因：该问题没有相关知识
wo-01c10fec16034839b54ab33f,2108163824585540608,疑似会话号(非工单号),工单详情查不到(123/124字节),2,123,124,101,1536,2026-10-09 03:52:57.072310,2026-10-08 11:58:12.655856,cat-qc-standard,4,4,2,问题类型：质检问题 问题描述：关于本机正品部件，一根线读取电池异常，选什么 转人工原因：答非所问
wo-0a82bd6ba31b4e1d8d7ca481,2108164240194929665,疑似会话号(非工单号),工单详情查不到(123/124字节),3,123,124,119,1540,2026-10-09 03:52:57.083896,2026-10-08 11:56:37.513113,cat-extra-knowledge,4,9,3,问题类型：质检问题 问题描述：老师麻烦帮忙看一下这个笔记本有什么拆修问题吗？ 转人工原因：问题复杂不确定怎么问
wo-a0ca6e3a889b459c901ebc89,2108158846995272704,疑似会话号(非工单号),本次日志未见调用工单详情接口,0,,,26,1836,2026-10-09 03:52:57.220397,2026-10-08 11:37:56.380106,cat-case-analysis,0,0,0,问题类型：质检问题 问题描述：偏光检测异常应如何判定 转人工原因：更信任人工
wo-e41f39e2a3e4438792556c5b,2108158184865661955,疑似会话号(非工单号),本次日志未见调用工单详情接口,0,,,14,1283,2026-10-09 03:52:57.255154,2026-10-08 11:31:32.876166,cat-qc-process,0,0,0,问题类型：质检问题 问题描述：是否算全新机？ 转人工原因：回答内容无法理解
wo-b162afa40651448a948e6451,2108157039686452225,疑似会话号(非工单号),本次日志未见调用工单详情接口,0,,,43,1989,2026-10-09 03:52:57.273964,2026-10-08 11:28:06.156206,cat-qc-standard,0,0,0,问题类型：质检问题 问题描述：请求确认型号是否正确 转人工原因：回答内容无法理解
wo-45c8950920ac48c5b43f4d5c,2108149828717384192,疑似会话号(非工单号),本次日志未见调用工单详情接口,0,,,21,1212,2026-10-09 04:06:09.206815,2026-10-08 11:12:11.914274,cat-extra-knowledge,0,0,0,问题类型：质检问题 问题描述：外壳碎裂 转人工原因：更信任人工
wo-a041c7ff20b645d0a157ecb6,2108151707874628609,疑似会话号(非工单号),本次日志未见调用工单详情接口,0,,,8,679,2026-10-09 04:06:09.233669,2026-10-08 11:06:40.199143,cat-qc-standard,0,0,0,问题类型：质检问题 问题描述：内存是品牌吗 转人工原因：更信任人工
wo-8da5028cc3bb4d00b441f387,2108147967444653057,疑似会话号(非工单号),本次日志未见调用工单详情接口,0,,,12,806,2026-10-09 04:06:09.271928,2026-10-08 11:04:06.583608,cat-qc-standard,0,0,0,问题类型：质检问题 问题描述：内存和硬盘是不是品牌 转人工原因：更信任人工
wo-cb070377c2b049ecac7ea5de,2108149997508756480,疑似会话号(非工单号),本次日志未见调用工单详情接口,0,,,11,973,2026-10-09 04:06:09.280253,2026-10-08 11:03:40.779716,cat-qc-standard,0,0,0,问题类型：质检问题 问题描述：机械革命序列号不存在要判吗 转人工原因：更信任人工
wo-efc177898ec24c3387770e67,2108150290657055232,疑似会话号(非工单号),本次日志未见调用工单详情接口,0,,,13,900,2026-10-09 04:06:09.291807,2026-10-08 11:01:35.490176,cat-case-analysis,0,0,0,问题类型：质检问题 问题描述：偏光检测异常应如何判定 转人工原因：更信任人工
wo-dbaf175e9bf940278c76f85f,2108148661891371520,疑似会话号(非工单号),本次日志未见调用工单详情接口,0,,,14,783,2026-10-09 04:19:09.008429,2026-10-08 10:55:05.082471,cat-qc-standard,0,0,0,问题类型：质检问题 问题描述：手机外壳及侧面是否掉漆？ 转人工原因：答非所问
wo-f5a2b983208b4efbbcb50f69,2108145847752463360,疑似会话号(非工单号),本次日志未见调用工单详情接口,0,,,72,1768,2026-10-09 04:19:09.052516,2026-10-08 10:48:18.257592,cat-qc-standard,0,0,0,问题类型：质检问题 问题描述：请求确认型号是否正确 转人工原因：答非所问
wo-8754e0e508284c7c9656d006,2108453533073282048,疑似会话号(非工单号),本次日志未见调用工单详情接口,0,,,17,887,2026-10-09 07:17:02.222624,2026-10-09 07:12:54.446889,cat-case-analysis,0,0,0,问题类型：质检问题 问题描述：这种怎么没有5500的显卡 转人工原因：该问题没有相关知识
wo-f59411e1580e4dae89619682,2108453487690911744,疑似会话号(非工单号),本次日志未见调用工单详情接口,0,,,15,956,2026-10-09 07:17:02.231203,2026-10-09 07:12:28.165190,cat-qc-standard,0,0,0,问题类型：质检问题 问题描述：屏幕是否属于磕点 转人工原因：更信任人工
wo-0cb6b4ab157e47cd9c159f53,2108452899385246720,疑似会话号(非工单号),本次日志未见调用工单详情接口,0,,,33,1225,2026-10-09 07:17:02.255947,2026-10-09 07:07:47.203868,cat-case-analysis,0,0,0,问题类型：质检问题 问题描述：高驰手表怎么看是不是国行 转人工原因：更信任人工
wo-74afcc8ae2534cbaa2cb8c60,2108452259066024448,疑似会话号(非工单号),本次日志未见调用工单详情接口,0,,,74,1448,2026-10-09 07:17:02.260872,2026-10-09 07:07:22.846200,cat-qc-standard,0,0,0,问题类型：质检问题 问题描述：耳机机身序列号磨损看不清怎么处理？ 转人工原因：更信任人工
wo-49d13a5c0b7044d4bf91c38b,2108453350465864706,疑似会话号(非工单号),本次日志未见调用工单详情接口,0,,,76,2355,2026-10-09 07:17:02.277669,2026-10-09 07:04:02.807532,cat-qc-process,0,0,0,问题类型：质检问题 问题描述：固件锁 转人工原因：更信任人工
wo-8e9c1daf7fa44c80bda4b332,2108450163025514496,疑似会话号(非工单号),本次日志未见调用工单详情接口,0,,,59,1646,2026-10-09 07:17:02.306709,2026-10-09 07:01:25.670821,cat-case-analysis,0,0,0,问题类型：质检问题 问题描述：后摄像头印记 转人工原因：答非所问
wo-581b1e4dac3849afb628d755,2108448408535569408,疑似会话号(非工单号),本次日志未见调用工单详情接口,0,,,67,1291,2026-10-09 07:17:02.312963,2026-10-09 07:01:14.328943,cat-case-analysis,0,0,0,问题类型：质检问题 问题描述：Type-C接口开裂怎么判定？ 转人工原因：答非所问
wo-15b7a9ec311b46d986426117,2108453591176975360,疑似会话号(非工单号),本次日志未见调用工单详情接口,0,,,22,946,2026-10-09 07:22:34.240525,2026-10-09 07:20:42.337215,cat-qc-standard,0,0,0,问题类型：质检问题 问题描述：打蓝光看屏幕下变色是否算变色 转人工原因：更信任人工
wo-72a6f1f59fb64fbeada793a1,2108456678667064322,疑似会话号(非工单号),本次日志未见调用工单详情接口,0,,,25,1002,2026-10-09 07:22:34.261547,2026-10-09 07:18:12.070847,cat-qc-standard,0,0,0,问题类型：质检问题 问题描述：确认手机是否为移动定制机及相关选择 转人工原因：更信任人工
wo-c696ae07185f439286a60de0,2108454103712531456,疑似会话号(非工单号),本次日志未见调用工单详情接口,0,,,35,1448,2026-10-09 07:22:34.274156,2026-10-09 07:17:19.899660,cat-qc-standard,0,0,0,问题类型：质检问题 问题描述：笔记本充电器或充电线有物理损伤怎么处理？ 转人工原因：更信任人工
wo-dd557ed69a514e5fb9072c43,2108450841584210944,疑似会话号(非工单号),本次日志未见调用工单详情接口,0,,,41,1622,2026-10-09 07:22:34.356521,2026-10-09 06:56:51.935708,cat-qc-standard,0,0,0,问题类型：质检问题 问题描述：屏幕问题算划痕还是磕碰？ 转人工原因：答非所问
wo-4a37af9aa14f4d1cbcd95e5a,2108449909064602624,疑似会话号(非工单号),本次日志未见调用工单详情接口,0,,,67,1780,2026-10-09 07:22:34.370407,2026-10-09 06:55:47.988516,cat-qc-standard,0,0,0,问题类型：质检问题 问题描述：爬虫结果显示购买地非中国时MacBook算什么版本？ 转人工原因：该问题没有相关知识
wo-09dc61b10ac8424c8bf5a0a4,2108461799014663168,疑似会话号(非工单号),本次日志未见调用工单详情接口,0,,,25,977,2026-10-09 07:39:15.222314,2026-10-09 07:37:38.935691,cat-case-analysis,0,0,0,问题类型：质检问题 问题描述：佳能 selphy cp800可以回收吗 转人工原因：更信任人工
wo-917070829bb543ceb91c3c98,2108460827974569984,疑似会话号(非工单号),本次日志未见调用工单详情接口,0,,,24,1099,2026-10-09 07:39:15.251668,2026-10-09 07:36:46.918627,cat-qc-standard,0,0,0,问题类型：质检问题 问题描述：平板电脑外观问题 转人工原因：更信任人工
wo-8bc846e0b3a6426ba193df3e,2108400872470876672,疑似会话号(非工单号),本次日志未见调用工单详情接口,0,,,17,841,2026-10-09 07:39:15.265915,2026-10-09 07:36:23.488794,cat-case-analysis,0,0,0,问题类型：质检问题 问题描述：显示白底有个红色的点判什么 转人工原因：更信任人工
wo-1ec0086f5baa471586cbb928,2108458634680734720,疑似会话号(非工单号),本次日志未见调用工单详情接口,0,,,22,1157,2026-10-09 07:39:15.315724,2026-10-09 07:33:15.788045,cat-case-analysis,0,0,0,问题类型：质检问题 问题描述：偏光检测异常应如何判定 转人工原因：更信任人工
wo-5f1ad59449664129bd0cbd3a,2108460663054533634,疑似会话号(非工单号),本次日志未见调用工单详情接口,0,,,29,868,2026-10-09 07:39:15.319517,2026-10-09 07:32:59.568507,cat-qc-standard,0,0,0,问题类型：质检问题 问题描述：外观磕点是否宽度大于1mm才算？ 转人工原因：更信任人工
wo-b63478c568ac4654972e1624,2108457114002265088,疑似会话号(非工单号),本次日志未见调用工单详情接口,0,,,16,679,2026-10-09 07:39:15.344135,2026-10-09 07:31:21.059925,cat-qc-standard,0,0,0,问题类型：质检问题 问题描述：这个硬盘是品牌吗 转人工原因：更信任人工
wo-c1ae716c738440768e958107,2108457807702393859,疑似会话号(非工单号),本次日志未见调用工单详情接口,0,,,16,914,2026-10-09 07:39:15.349103,2026-10-09 07:30:38.582907,cat-qc-standard,0,0,0,问题类型：质检问题 问题描述：外观有刻字回收怎么判定 转人工原因：更信任人工
wo-2f2fe54f9f584b85b6124db7,2108466531468841984,疑似会话号(非工单号),本次日志未见调用工单详情接口,0,,,419,1205,2026-10-09 08:01:19.111821,2026-10-09 08:01:17.062576,cat-qc-standard,0,0,0,问题类型：质检问题 问题描述：不确定是汽泡还是划痕 转人工原因：更信任人工
wo-60bb56f9439e4088ac911581,2108466353168977920,疑似会话号(非工单号),本次日志未见调用工单详情接口,0,,,27,1145,2026-10-09 08:01:19.240152,2026-10-09 08:00:20.886783,cat-qc-standard,0,0,0,问题类型：质检问题 问题描述：闪屏，但动一下触摸板就不闪 转人工原因：答非所问
wo-bb07aa20040741c38a4b2436,2108466609092825600,疑似会话号(非工单号),本次日志未见调用工单详情接口,0,,,19,930,2026-10-09 08:01:19.266482,2026-10-09 07:59:46.091930,cat-qc-standard,0,0,0,问题类型：质检问题 问题描述：内存和硬盘是不是品牌 转人工原因：更信任人工
wo-da988491a62744d584d7cb54,2108466668471586817,疑似会话号(非工单号),本次日志未见调用工单详情接口,0,,,81,1615,2026-10-09 08:01:19.297368,2026-10-09 07:57:11.069102,cat-qc-standard,0,0,0,问题类型：质检问题 问题描述：平板扩容内存按本机还是爬虫的选？ 转人工原因：回答内容无法理解
wo-dbb3cfe9069f4e6d93764bcf,2108465983998923776,疑似会话号(非工单号),本次日志未见调用工单详情接口,0,,,11,723,2026-10-09 08:01:19.328110,2026-10-09 07:54:19.087436,cat-qc-standard,0,0,0,问题类型：质检问题 问题描述：笔记本内存硬盘是品牌的吗 转人工原因：答非所问
wo-323ad57a82c94f888704fe31,2108465781804110337,疑似会话号(非工单号),本次日志未见调用工单详情接口,0,,,504,1371,2026-10-09 08:01:19.334614,2026-10-09 07:53:24.815077,cat-qc-standard,0,0,0,问题类型：质检问题 问题描述：请求确认型号是否正确 转人工原因：该问题没有相关知识
wo-836b009bc330402591867762,2108465389712184324,疑似会话号(非工单号),本次日志未见调用工单详情接口,0,,,43,1151,2026-10-09 08:01:19.340635,2026-10-09 07:53:20.567449,cat-qc-standard,0,0,0,问题类型：质检问题 问题描述：这个硬盘是品牌吗 转人工原因：问题复杂不确定怎么问
wo-a3f937feb4a8490981dcd6a3,2108465587142263814,疑似会话号(非工单号),本次日志未见调用工单详情接口,0,,,9,754,2026-10-09 08:01:19.355030,2026-10-09 07:53:04.697523,cat-qc-standard,0,0,0,问题类型：质检问题 问题描述：平板查不到SN码怎么办 转人工原因：更信任人工
wo-845f3d61238342ee9df0e2b7,2108463853095359488,疑似会话号(非工单号),本次日志未见调用工单详情接口,0,,,55,971,2026-10-09 08:01:19.371489,2026-10-09 07:51:15.840502,cat-qc-standard,0,0,0,问题类型：质检问题 问题描述：键盘弹性弱 转人工原因：问题复杂不确定怎么问
wo-de83cf2320824c5bb8943eb8,2108464830913449984,疑似会话号(非工单号),本次日志未见调用工单详情接口,0,,,12,484,2026-10-09 08:01:19.375445,2026-10-09 07:50:56.586230,cat-qc-standard,0,0,0,问题类型：质检问题 问题描述：主板防水标变红最终勾选【浸液情况】哪个细项？ 转人工原因：更信任人工
wo-5ecfc740aa064824ae7dcd78,2108464245120176128,疑似会话号(非工单号),本次日志未见调用工单详情接口,0,,,32,1221,2026-10-09 08:01:19.386548,2026-10-09 07:49:57.205028,cat-qc-standard,0,0,0,问题类型：质检问题 问题描述：手机主屏幕痕迹是凹陷还是划痕 转人工原因：更信任人工
wo-3e783d18bbe14817bdfa5470,2108461804966383618,疑似会话号(非工单号),本次日志未见调用工单详情接口,0,,,12,715,2026-10-09 08:01:19.390697,2026-10-09 07:49:36.630896,cat-extra-knowledge,0,0,0,问题类型：质检问题 问题描述：这个算镜头外观碎裂吗 转人工原因：该问题没有相关知识
wo-172ad8a2a31448b49cb20048,2108461769251881984,疑似会话号(非工单号),本次日志未见调用工单详情接口,0,,,38,1002,2026-10-09 08:01:19.393266,2026-10-09 07:49:36.263299,cat-qc-standard,0,0,0,问题类型：质检问题 问题描述：请求确认型号是否正确 转人工原因：回答内容无法理解
wo-b215bf37bc044df4a362f7d4,2108463324025852928,疑似会话号(非工单号),本次日志未见调用工单详情接口,0,,,46,1072,2026-10-09 08:01:19.400808,2026-10-09 07:49:09.672435,cat-qc-standard,0,0,0,问题类型：质检问题 问题描述：请求确认型号是否正确 转人工原因：更信任人工
wo-396a7a8d219f49529b4f04ef,2108463636707021824,疑似会话号(非工单号),本次日志未见调用工单详情接口,0,,,18,805,2026-10-09 08:01:19.407310,2026-10-09 07:48:07.144531,cat-qc-standard,0,0,0,问题类型：质检问题 问题描述：主板防水标变红最终勾选【浸液情况】哪个细项？ 转人工原因：更信任人工
wo-576f9d6ff791466c8c071441,2108464007361856512,疑似会话号(非工单号),本次日志未见调用工单详情接口,0,,,28,885,2026-10-09 08:01:19.412459,2026-10-09 07:47:55.264028,cat-case-analysis,0,0,0,问题类型：质检问题 问题描述：偏光检测异常应如何判定 转人工原因：该问题没有相关知识
wo-cfb4bd4d77ab425c831e6134,2108464179168940544,疑似会话号(非工单号),本次日志未见调用工单详情接口,0,,,14,716,2026-10-09 08:01:19.416286,2026-10-09 07:47:42.222915,cat-qc-standard,0,0,0,问题类型：质检问题 问题描述：非拆机类型硬盘不判问题吧 转人工原因：更信任人工
wo-5099f6154128434b98be8a0f,2108492422789993472,疑似会话号(非工单号),本次日志未见调用工单详情接口,0,,,22,1052,2026-10-09 09:42:20.005287,2026-10-09 09:42:04.498689,cat-qc-standard,0,0,0,问题类型：质检问题 问题描述：内存和硬盘是不是品牌 转人工原因：更信任人工
wo-ff3b4028c58a4c5b864e24af,2108490983615239169,疑似会话号(非工单号),本次日志未见调用工单详情接口,0,,,27,1140,2026-10-09 09:42:20.014718,2026-10-09 09:41:59.236023,cat-qc-standard,0,0,0,问题类型：质检问题 问题描述：屏幕显示有黑点 转人工原因：更信任人工
wo-ecb6195119064887bc3eb4df,2108488781983125506,疑似会话号(非工单号),本次日志未见调用工单详情接口,0,,,67,1361,2026-10-09 09:42:20.042662,2026-10-09 09:40:51.403763,cat-qc-standard,0,0,0,问题类型：质检问题 问题描述：查快门次数出现在这里正常吗？ 转人工原因：更信任人工
wo-afe688d4d1614a6fa96e9da8,2108490296420467712,疑似会话号(非工单号),本次日志未见调用工单详情接口,0,,,76,2478,2026-10-09 09:42:20.049442,2026-10-09 09:40:35.096258,cat-qc-standard,0,0,0,问题类型：质检问题 问题描述：c碎裂 转人工原因：问题复杂不确定怎么问
wo-99e05897892f49a2b38b5e70,2108492286064070656,疑似会话号(非工单号),本次日志未见调用工单详情接口,0,,,78,1574,2026-10-09 09:42:20.053461,2026-10-09 09:40:24.655219,cat-qc-standard,0,0,0,问题类型：质检问题 问题描述：美版蜂窝版SIM卡判定不支持还是异常？ 转人工原因：答非所问
wo-88a999a6033b4d1797c8c6c1,2108492282104644609,疑似会话号(非工单号),本次日志未见调用工单详情接口,0,,,12,764,2026-10-09 09:42:20.058915,2026-10-09 09:40:03.556717,cat-qc-standard,0,0,0,问题类型：质检问题 问题描述：关于本机正品部件，一根线读取电池异常，选什么 转人工原因：答非所问
wo-137bd1d28868436b935cdec6,2108492185895702528,疑似会话号(非工单号),本次日志未见调用工单详情接口,0,,,45,693,2026-10-09 09:42:20.072003,2026-10-09 09:39:52.458397,cat-qc-standard,0,0,0,问题类型：质检问题 问题描述：手表有没有蜂窝网络 转人工原因：更信任人工
wo-6eeb8360548a4a5e95c1f2d2,2108492273405662208,疑似会话号(非工单号),本次日志未见调用工单详情接口,0,,,19,1426,2026-10-09 09:42:20.087717,2026-10-09 09:38:44.385804,cat-qc-standard,0,0,0,问题类型：质检问题 问题描述：内存和硬盘是不是品牌 转人工原因：更信任人工
wo-7681fd6b9fef4c7f8b5f7f08,2108504380096385536,疑似会话号(非工单号),工单详情查不到(123/124字节),2,123,124,48,1099,2026-10-09 10:31:34.049707,2026-10-09 10:30:32.724158,cat-qc-standard,3,4,2,问题类型：质检问题 问题描述：这个硬盘是品牌吗 转人工原因：更信任人工
wo-83750e662b5843cf877f0a22,2108502846654648322,疑似会话号(非工单号),工单详情查不到(123/124字节),2,123,124,352,1681,2026-10-09 10:31:34.062368,2026-10-09 10:27:33.641525,cat-qc-standard,3,6,2,问题类型：质检问题 问题描述：内存是品牌吗 转人工原因：答非所问
wo-d11e722c2ac04bc284106c52,2108503226201411586,疑似会话号(非工单号),工单详情查不到(123/124字节),2,124,124,64,1099,2026-10-09 10:31:34.081790,2026-10-09 10:26:22.133207,cat-qc-standard,3,4,2,问题类型：质检问题 问题描述：怎么查看笔记本是否支持指纹功能？ 转人工原因：回答内容无法理解
wo-dbd7bbaf70964f14aa440cf4,2108503335123292160,疑似会话号(非工单号),工单详情查不到(123/124字节),2,123,124,27,1222,2026-10-09 10:31:34.090780,2026-10-09 10:23:42.325026,cat-qc-standard,3,6,2,问题类型：质检问题 问题描述：请求确认型号是否正确 转人工原因：问题复杂不确定怎么问
wo-06708570a58d44bfbc30355e,2108499777497863168,疑似会话号(非工单号),工单详情查不到(123/124字节),2,123,123,37,852,2026-10-09 10:31:34.111176,2026-10-09 10:21:21.409317,cat-qc-standard,3,6,2,问题类型：质检问题 问题描述：AB面磕碰范围 转人工原因：更信任人工
wo-084effcfccca4321977075bc,2108501581073747973,疑似会话号(非工单号),工单详情查不到(123/124字节),2,124,124,55,1642,2026-10-09 10:31:34.122848,2026-10-09 10:20:22.304548,cat-qc-process,3,4,2,问题类型：质检问题 问题描述：耳机查找怎么移出不了 转人工原因：更信任人工
wo-d6efe850547342d09367ec97,2108501829997298688,疑似会话号(非工单号),工单详情查不到(123/124字节),2,123,123,31,954,2026-10-09 10:31:34.126645,2026-10-09 10:20:18.832811,cat-case-analysis,3,6,2,问题类型：质检问题 问题描述：偏光检测异常应如何判定 转人工原因：更信任人工
wo-83164dd02c0e41df8e10f578,2108499068161364480,疑似会话号(非工单号),工单详情查不到(123/124字节),2,123,124,102,2095,2026-10-09 10:31:34.175459,2026-10-09 10:16:40.864789,cat-qc-standard,3,6,2,问题类型：质检问题 问题描述：关于本机正品部件，一根线读取电池异常，选什么 转人工原因：答非所问
wo-b2e5fa2088ce4c73aa8cdd35,2108498714363433984,疑似会话号(非工单号),本次日志未见调用工单详情接口,0,,,51,1158,2026-10-09 10:31:34.198748,2026-10-09 10:14:19.346686,cat-qc-standard,0,0,0,问题类型：质检问题 问题描述：苹果还原后相册显示还有ID 转人工原因：答非所问
wo-6baff05e49bc41d8a1eea988,2108501044169282048,疑似会话号(非工单号),本次日志未见调用工单详情接口,0,,,8,790,2026-10-09 10:31:34.204053,2026-10-09 10:13:59.575570,cat-qc-standard,0,0,0,问题类型：质检问题 问题描述：屏幕老化测看怎么看 转人工原因：答非所问
wo-a6bbdeb85c654cb6a7869641,2108517757149516289,疑似会话号(非工单号),本次日志未见调用工单详情接口,0,,,14,1009,2026-10-09 11:20:19.374543,2026-10-09 11:19:56.765485,cat-qc-standard,0,0,0,问题类型：质检问题 问题描述：更换第三方后壳该选什么 转人工原因：更信任人工
wo-29e993f2b69f4aa08c1c2e97,2108516571080037377,疑似会话号(非工单号),本次日志未见调用工单详情接口,0,,,11,658,2026-10-09 11:20:19.384340,2026-10-09 11:18:47.361791,cat-qc-standard,0,0,0,问题类型：质检问题 问题描述：关于本机正品部件，一根线读取电池异常，选什么 转人工原因：答非所问
wo-2a07ab1f83b34be7aceac042,2108516584396948480,疑似会话号(非工单号),本次日志未见调用工单详情接口,0,,,9,802,2026-10-09 11:20:19.396942,2026-10-09 11:17:38.121561,cat-case-analysis,0,0,0,问题类型：质检问题 问题描述：佳明手表国行怎么判断？ 转人工原因：更信任人工
wo-b6f8bcb0120f45158ac5baf8,2108510812120290304,疑似会话号(非工单号),本次日志未见调用工单详情接口,0,,,148,2963,2026-10-09 11:20:19.415639,2026-10-09 11:14:15.402584,cat-qc-standard,0,0,0,问题类型：质检问题 问题描述：请求确认型号是否正确 转人工原因：更信任人工
wo-3d919fb48c9a4cc3bdf0ca73,2108515052876206081,疑似会话号(非工单号),本次日志未见调用工单详情接口,0,,,17,896,2026-10-09 11:20:19.425601,2026-10-09 11:13:48.671209,cat-qc-standard,0,0,0,问题类型：质检问题 问题描述：运行内存不一致 转人工原因：更信任人工
wo-a7152e8267ef47058a962f8d,2108515248897004034,疑似会话号(非工单号),本次日志未见调用工单详情接口,0,,,13,960,2026-10-09 11:20:19.438740,2026-10-09 11:13:03.367623,cat-qc-standard,0,0,0,问题类型：质检问题 问题描述：笔记本内存硬盘是品牌的吗 转人工原因：问题复杂不确定怎么问
wo-a3c44611310448bbbcce72b8,2108515168957763685,疑似会话号(非工单号),本次日志未见调用工单详情接口,0,,,10,896,2026-10-09 11:20:19.450703,2026-10-09 11:12:34.548509,cat-qc-standard,0,0,0,问题类型：质检问题 问题描述：请求确认型号是否正确 转人工原因：答非所问
wo-aa1b892a664b48798213c572,2108513417714209794,疑似会话号(非工单号),本次日志未见调用工单详情接口,0,,,76,1598,2026-10-09 11:20:19.465293,2026-10-09 11:11:51.461295,cat-case-analysis,0,0,0,问题类型：质检问题 问题描述：零配件位置有烧焦痕迹是否属于内部零件维修/更换？ 转人工原因：更信任人工
wo-1ca1afa4657f4e5d8a2cf2ad,2108509935909212160,疑似会话号(非工单号),本次日志未见调用工单详情接口,0,,,193,2716,2026-10-09 11:20:19.489021,2026-10-09 11:09:55.133605,cat-extra-knowledge,0,0,0,问题类型：质检问题 问题描述：询问平板的品牌是什么 转人工原因：该问题没有相关知识
wo-d794bbd1ea074a7483f4f000,2108513197232230912,疑似会话号(非工单号),本次日志未见调用工单详情接口,0,,,62,1971,2026-10-09 11:20:19.507206,2026-10-09 11:06:47.384975,cat-qc-standard,0,0,0,问题类型：质检问题 问题描述：外壳磕碰把后壳顶起来了 转人工原因：更信任人工
wo-d269363495cd44de87d50533,2108512872802812929,疑似会话号(非工单号),本次日志未见调用工单详情接口,0,,,62,1244,2026-10-09 11:20:19.517775,2026-10-09 11:05:43.135640,cat-case-analysis,0,0,0,问题类型：质检问题 问题描述：爬虫回显的固态硬盘和靓机助手不一样以哪个为准，判什么 转人工原因：问题复杂不确定怎么问
wo-40bb15ae2bc74f7481a85631,2108512922090082816,疑似会话号(非工单号),本次日志未见调用工单详情接口,0,,,54,1472,2026-10-09 11:20:19.527368,2026-10-09 11:05:33.579406,cat-qc-standard,0,0,0,问题类型：质检问题 问题描述：内存和硬盘是不是品牌 转人工原因：该问题没有相关知识
wo-46885fc570354297aea0c10e,2108513814478589952,疑似会话号(非工单号),本次日志未见调用工单详情接口,0,,,18,1310,2026-10-09 11:20:19.533400,2026-10-09 11:05:15.911863,cat-qc-standard,0,0,0,问题类型：质检问题 问题描述：请求确认型号是否正确 转人工原因：答非所问
wo-ce3a9253fdb44ceba993e339,2108509566688825344,疑似会话号(非工单号),本次日志未见调用工单详情接口,0,,,51,1454,2026-10-09 11:20:19.541157,2026-10-09 11:04:39.240565,cat-qc-standard,0,0,0,问题类型：质检问题 问题描述：关于本机正品部件，一根线读取电池异常，选什么 转人工原因：更信任人工
wo-da6975d071b548ccaef9e2b0,2108513279566418946,疑似会话号(非工单号),本次日志未见调用工单详情接口,0,,,27,1077,2026-10-09 11:20:19.551763,2026-10-09 11:02:56.408434,cat-qc-standard,0,0,0,问题类型：质检问题 问题描述：要判第三方硬盘吗 转人工原因：更信任人工
wo-81b4cd052b1749d795e70e29,2108513072497824769,疑似会话号(非工单号),本次日志未见调用工单详情接口,0,,,38,1173,2026-10-09 11:20:19.554117,2026-10-09 11:02:56.220579,cat-qc-standard,0,0,0,问题类型：质检问题 问题描述：笔记本上面都是贴纸，怎么判责 转人工原因：答非所问
wo-db7aa3814b004f0d9a5813a5,2108517853375239168,疑似会话号(非工单号),本次日志未见调用工单详情接口,0,,,28,1000,2026-10-09 11:23:11.995590,2026-10-09 11:21:24.760760,cat-case-analysis,0,0,0,问题类型：质检问题 问题描述：扬声器异常 转人工原因：问题复杂不确定怎么问
wo-2cfb67d64e4a46db85887455,2108512199390532608,疑似会话号(非工单号),本次日志未见调用工单详情接口,0,,,25,1690,2026-10-09 11:23:13.388665,2026-10-09 11:02:46.346069,cat-qc-standard,0,0,0,问题类型：质检问题 问题描述：平板屏幕漏液怎么判定 转人工原因：答非所问
wo-a0274c761150424aab781eac,2108513077396771329,疑似会话号(非工单号),本次日志未见调用工单详情接口,0,,,6,1019,2026-10-09 11:23:13.391739,2026-10-09 11:02:39.895905,cat-qc-standard,0,0,0,问题类型：质检问题 问题描述：屏幕有圆弧 转人工原因：问题复杂不确定怎么问
wo-dfaabfbfd2964e12a2662f06,2108511455438443522,疑似会话号(非工单号),本次日志未见调用工单详情接口,0,,,24,866,2026-10-09 11:23:13.420477,2026-10-09 10:58:48.760726,cat-qc-standard,0,0,0,问题类型：质检问题 问题描述：这个硬盘是品牌吗 转人工原因：更信任人工
wo-29090cef47a3430ab2f5d04a,2108511903008429057,疑似会话号(非工单号),本次日志未见调用工单详情接口,0,,,6,749,2026-10-09 11:23:13.437471,2026-10-09 10:57:24.573798,cat-qc-standard,0,0,0,问题类型：质检问题 问题描述：sim卡变形 转人工原因：更信任人工
wo-9a5675ed6a5743cebc8e83df,2108509304028922880,疑似会话号(非工单号),本次日志未见调用工单详情接口,0,,,39,1034,2026-10-09 11:23:13.444687,2026-10-09 10:56:23.308468,cat-qc-standard,0,0,0,问题类型：质检问题 问题描述：这个能回收吗？ 转人工原因：更信任人工
wo-ecff85c302a04692b4962d92,2108511380100355072,疑似会话号(非工单号),本次日志未见调用工单详情接口,0,,,16,707,2026-10-09 11:23:13.447132,2026-10-09 10:55:59.390352,cat-qc-standard,0,0,0,问题类型：质检问题 问题描述：老师帮忙看下 键盘掉漆了咋选 转人工原因：回答内容无法理解
wo-6d3ecabeea594d75a63bd190,2108510469466624512,疑似会话号(非工单号),本次日志未见调用工单详情接口,0,,,22,1182,2026-10-09 11:23:13.450290,2026-10-09 10:55:50.857341,cat-case-analysis,0,0,0,问题类型：质检问题 问题描述：查询颜色不符 转人工原因：答非所问
wo-edf7322076b24b67b5c59251,2108511046112120832,疑似会话号(非工单号),本次日志未见调用工单详情接口,0,,,41,1204,2026-10-09 11:23:13.469958,2026-10-09 10:53:49.563096,cat-qc-standard,0,0,0,问题类型：质检问题 问题描述：请求确认型号是否正确 转人工原因：该问题没有相关知识
wo-183356e36f0a43119961f018,2108510725667296256,疑似会话号(非工单号),本次日志未见调用工单详情接口,0,,,15,858,2026-10-09 11:23:13.482180,2026-10-09 10:52:19.085408,cat-qc-standard,0,0,0,问题类型：质检问题 问题描述：这个算不算转轴异常松动 转人工原因：该问题没有相关知识
wo-e2411abea1474a369eb1f433,2108556977389966336,疑似会话号(非工单号),工单详情查不到(123/124字节),3,123,124,106,1413,2026-10-10 01:04:09.718233,2026-10-09 13:58:25.799881,cat-qc-standard,3,3,3,问题类型：质检问题 问题描述：其他版本有锁 需要勾选美版开卡槽吗 转人工原因：更信任人工
wo-7679d035f7e645d082493a4e,2108554929613308928,疑似会话号(非工单号),工单详情查不到(123/124字节),2,123,124,148,2168,2026-10-10 01:04:09.736676,2026-10-09 13:51:55.386192,cat-case-analysis,3,9,3,问题类型：质检问题 问题描述：偏光检测异常应如何判定 转人工原因：更信任人工
wo-371910dfa63145599dad7e37,2108553274859717633,疑似会话号(非工单号),工单详情查不到(123/124字节),3,121,124,57,1100,2026-10-10 01:04:09.749448,2026-10-09 13:46:00.840330,cat-qc-standard,3,7,3,问题类型：质检问题 问题描述：内存和硬盘是不是品牌 转人工原因：回答内容无法理解
wo-f810926605c04dada1f03509,2108553208661021184,疑似会话号(非工单号),工单详情查不到(123/124字节),3,121,124,58,1304,2026-10-10 01:04:09.753316,2026-10-09 13:43:30.134907,cat-qc-standard,3,7,3,问题类型：质检问题 问题描述：内存查看及机器注意事项 转人工原因：更信任人工
wo-3e117233b01d4e3581bee079,2108550232567451648,疑似会话号(非工单号),工单详情查不到(123/124字节),3,124,124,126,1567,2026-10-10 01:04:09.765100,2026-10-09 13:30:48.025794,cat-qc-standard,3,7,3,问题类型：质检问题 问题描述：这个内存跟硬盘是否认证 转人工原因：该问题没有相关知识
wo-9e304beff55b4c67a34b0d3d,2108548791903719937,疑似会话号(非工单号),工单详情查不到(123/124字节),3,123,124,61,1782,2026-10-10 01:04:09.783206,2026-10-09 13:25:19.880347,cat-qc-standard,3,9,3,问题类型：质检问题 问题描述：请求确认型号是否正确 转人工原因：更信任人工
wo-e7f4fc29701340d7a271d951,2108545866582197248,疑似会话号(非工单号),工单详情查不到(123/124字节),2,124,124,136,1028,2026-10-10 01:04:09.792229,2026-10-09 13:23:10.889591,cat-qc-standard,3,6,2,问题类型：质检问题 问题描述：屏幕里面有压痕要怎么判定？ 转人工原因：更信任人工
wo-25fd24affd094f22a9346abf,2108547548435189762,疑似会话号(非工单号),工单详情查不到(123/124字节),2,123,124,97,846,2026-10-10 01:04:09.808426,2026-10-09 13:19:43.873026,cat-qc-standard,3,4,2,问题类型：质检问题 问题描述：充电器破损 转人工原因：答非所问
wo-ab72a2198a8a4f78b9ca7451,2108529426722459648,疑似会话号(非工单号),工单详情查不到(123/124字节),1,124,124,173,2091,2026-10-10 01:04:09.850487,2026-10-09 13:04:05.289274,cat-qc-standard,3,6,2,问题类型：质检问题 问题描述：检测华为耳机需要智慧生活APP吗？ 转人工原因：更信任人工
wo-495a37b5d6514ef4af537a12,2108538361567253505,疑似会话号(非工单号),工单详情查不到(123/124字节),2,123,124,17,726,2026-10-10 01:04:32.406803,2026-10-09 12:42:41.134497,cat-qc-standard,3,6,2,问题类型：质检问题 问题描述：手写笔笔芯破损怎么办？ 转人工原因：更信任人工
wo-bf477dd72b384aa5912da697,2108538193639903744,疑似会话号(非工单号),工单详情查不到(123/124字节),2,123,124,51,961,2026-10-10 01:04:32.435592,2026-10-09 12:41:55.977728,cat-qc-standard,3,6,2,问题类型：质检问题 问题描述：内存是品牌吗 转人工原因：更信任人工
wo-19da42fc73d945d4884dce4c,2108536588538483200,疑似会话号(非工单号),工单详情查不到(123/124字节),2,121,124,98,1453,2026-10-10 01:04:32.567683,2026-10-09 12:40:43.937815,cat-qc-standard,3,3,2,问题类型：质检问题 问题描述：这个硬盘是品牌吗 转人工原因：回答内容无法理解
wo-debec24c5e3c44848dd3882a,2108537784976282112,疑似会话号(非工单号),工单详情查不到(123/124字节),4,122,124,34,775,2026-10-10 01:04:32.626584,2026-10-09 12:40:32.368484,cat-case-analysis,3,6,2,问题类型：质检问题 问题描述：偏光检测异常应如何判定 转人工原因：更信任人工
wo-1a586c09714745a29397ac46,2108536379561477121,疑似会话号(非工单号),工单详情查不到(123/124字节),6,122,124,127,1127,2026-10-10 01:04:32.690756,2026-10-09 12:40:25.215132,cat-qc-standard,3,6,2,问题类型：质检问题 问题描述：手机如何辨国行或外版 转人工原因：更信任人工
wo-58f22d1e7a2841c082e19082,2108531718389502976,疑似会话号(非工单号),本次日志未见调用工单详情接口,0,,,42,1103,2026-10-10 01:04:32.989706,2026-10-09 12:19:49.117787,cat-qc-standard,0,0,0,问题类型：质检问题 问题描述：标签序列号是歪的需要判什么 转人工原因：更信任人工
wo-334a31ee730c49919bd16d80,2108528253017785445,疑似会话号(非工单号),本次日志未见调用工单详情接口,0,,,19,991,2026-10-10 01:04:33.053469,2026-10-09 12:02:37.188455,cat-qc-standard,0,0,0,问题类型：质检问题 问题描述：请求确认型号是否正确 转人工原因：更信任人工
wo-dee28de8ce8b4d2ab962ebe1,2108725287154881536,疑似会话号(非工单号),工单详情查不到(123/124字节),1,123,123,142,801,2026-10-10 01:06:58.495694,2026-10-10 01:06:04.521622,cat-qc-standard,3,1,1,问题类型：质检问题 问题描述：内存读不出来 转人工原因：更信任人工
wo-9cd22857d3224b41a135dcbe,2108527287996519426,疑似会话号(非工单号),本次日志未见调用工单详情接口,0,,,5,867,2026-10-10 01:06:58.628211,2026-10-09 11:58:28.177186,cat-qc-standard,0,0,0,问题类型：质检问题 问题描述：手机外壳掉漆判定标准是什么 转人工原因：问题复杂不确定怎么问
wo-73f267f88e974bf7879363b6,2108526124161044993,疑似会话号(非工单号),本次日志未见调用工单详情接口,0,,,41,1300,2026-10-10 01:06:58.651969,2026-10-09 11:55:56.781475,cat-qc-standard,0,0,0,问题类型：质检问题 问题描述：咨询机型及小型号 转人工原因：更信任人工
wo-26a9ab3cdcb3428baf444898,2108520964022076417,疑似会话号(非工单号),本次日志未见调用工单详情接口,0,,,85,2621,2026-10-10 01:06:58.661158,2026-10-09 11:55:03.071538,cat-qc-standard,0,0,0,问题类型：质检问题 问题描述：请求确认型号是否正确 转人工原因：该问题没有相关知识
wo-efe1b447b72140f19b70a41b,2108525214479421441,疑似会话号(非工单号),本次日志未见调用工单详情接口,0,,,62,1218,2026-10-10 01:06:58.673258,2026-10-09 11:52:47.426802,cat-qc-standard,0,0,0,问题类型：质检问题 问题描述：小米11后壳脱胶松动，然后屏幕不显示，是什么问题？ 转人工原因：更信任人工
wo-6d9eb44ed2df486588f41d91,2108525246372905985,疑似会话号(非工单号),本次日志未见调用工单详情接口,0,,,23,907,2026-10-10 01:06:58.683291,2026-10-09 11:52:23.995060,cat-case-analysis,0,0,0,问题类型：质检问题 问题描述：偏光检测异常应如何判定 转人工原因：该问题没有相关知识
wo-780d8eff359746fb934b9b4e,2108525474069091329,疑似会话号(非工单号),本次日志未见调用工单详情接口,0,,,10,819,2026-10-10 01:06:58.694900,2026-10-09 11:51:14.272092,cat-qc-standard,0,0,0,问题类型：质检问题 问题描述：机身外壳螺丝有生锈、发霉或腐蚀痕迹时应该如何判定？ 转人工原因：更信任人工
wo-72cc83ea5b554b26a965f36b,2108726336544575488,疑似会话号(非工单号),本次日志未见调用工单详情接口,0,,,43,719,2026-10-10 01:11:15.346227,2026-10-10 01:08:55.247171,cat-qc-standard,3,0,0,问题类型：质检问题 问题描述：防水标变红该如何判定 转人工原因：更信任人工
wo-e5dee69ee9be4ff4b410fce4,2108725908234830848,疑似会话号(非工单号),本次日志未见调用工单详情接口,0,,,690,703,2026-10-10 01:11:15.350102,2026-10-10 01:08:11.949782,cat-extra-knowledge,3,0,0,问题类型：质检问题 问题描述：登录才可以用验机精灵 什么情况 转人工原因：答非所问
wo-f945c02958534a53a6cfe2bf,2108749194402468864,疑似会话号(非工单号),工单详情查不到(123/124字节),3,123,124,27,1016,2026-10-10 02:45:56.887744,2026-10-10 02:45:43.912608,cat-qc-standard,3,9,3,问题类型：质检问题 问题描述：老师这个偏光正常的吧 转人工原因：更信任人工
wo-c2bf8cadde55445dad550e1c,2108744744577274369,疑似会话号(非工单号),工单详情查不到(123/124字节),3,123,124,163,1663,2026-10-10 02:45:56.922615,2026-10-10 02:44:01.823175,cat-qc-standard,3,5,3,问题类型：质检问题 问题描述：笔记本触摸板有时失灵该怎么判定，需要勾选什么质检选项？ 转人工原因：更信任人工
wo-2c4055d0ee8245b2989f1ab5,2108747006301176835,疑似会话号(非工单号),工单详情查不到(123/124字节),3,123,124,139,950,2026-10-10 02:45:56.927570,2026-10-10 02:43:55.518649,cat-qc-standard,3,9,3,问题类型：质检问题 问题描述：触控栏外观碎裂怎么判定？ 转人工原因：更信任人工
wo-c4ac72f903714063ae860f8a,2108750125206602753,疑似会话号(非工单号),工单详情查不到(123/124字节),3,124,124,38,913,2026-10-10 02:45:56.932504,2026-10-10 02:43:43.441359,cat-case-analysis,3,7,3,问题类型：质检问题 问题描述：安卓手表版本怎么判断？ 转人工原因：更信任人工
wo-19164d31b8254498898d412c,2108746051346239488,疑似会话号(非工单号),本次日志未见调用工单详情接口,0,,,16,900,2026-10-10 02:45:56.952217,2026-10-10 02:43:04.999289,cat-qc-standard,0,0,0,问题类型：质检问题 问题描述：内存和硬盘是不是品牌 转人工原因：答非所问
wo-82bf43ec0a204ec1bb445cac,2108748807410816000,疑似会话号(非工单号),本次日志未见调用工单详情接口,0,,,14,785,2026-10-10 02:45:56.960584,2026-10-10 02:41:32.826976,cat-qc-standard,0,0,0,问题类型：质检问题 问题描述：笔记本机身有敏感信息是否需要继续质检？ 转人工原因：答非所问
wo-1bceece966594e92a205d782,2108747613019836928,疑似会话号(非工单号),本次日志未见调用工单详情接口,0,,,45,1305,2026-10-10 02:45:56.972320,2026-10-10 02:40:04.786732,cat-qc-standard,0,0,0,问题类型：质检问题 问题描述：关于本机正品部件，一根线读取电池异常，选什么 转人工原因：更信任人工
wo-60ce2bf0d4264052b3cf899b,2108748661008634880,疑似会话号(非工单号),本次日志未见调用工单详情接口,0,,,20,880,2026-10-10 02:45:56.980436,2026-10-10 02:38:54.787614,cat-qc-standard,0,0,0,问题类型：质检问题 问题描述：手机后壳与爬虫颜色不一致是否可以回收 转人工原因：更信任人工
wo-27a1c204c368481a94e53716,2108747954113221120,疑似会话号(非工单号),本次日志未见调用工单详情接口,0,,,16,1074,2026-10-10 02:45:57.001314,2026-10-10 02:37:08.820598,cat-qc-standard,0,0,0,问题类型：质检问题 问题描述：内存和硬盘是不是品牌 转人工原因：回答内容无法理解
wo-197f005cb866451d9801a1e2,2108745994211431425,疑似会话号(非工单号),本次日志未见调用工单详情接口,0,,,63,1703,2026-10-10 02:45:57.007251,2026-10-10 02:35:53.861986,cat-qc-standard,0,0,0,问题类型：质检问题 问题描述：Switch游戏机怎么看是什么版本？ 转人工原因：更信任人工
wo-58d3ba5d7efc4d638d80a06f,2108743801479630849,疑似会话号(非工单号),本次日志未见调用工单详情接口,0,,,122,2567,2026-10-10 02:45:57.036366,2026-10-10 02:34:11.087754,cat-qc-standard,0,0,0,问题类型：质检问题 问题描述：耳机定位 转人工原因：问题复杂不确定怎么问
wo-430f5263636647ad8fe5f33a,2108747486834200576,疑似会话号(非工单号),本次日志未见调用工单详情接口,0,,,24,1055,2026-10-10 02:45:57.042707,2026-10-10 02:32:39.592829,cat-qc-standard,0,0,0,问题类型：质检问题 问题描述：摄像头印记应该选择什么 转人工原因：更信任人工
wo-1c320ba5223e4dfe8263142c,2108755336738377728,疑似会话号(非工单号),本次日志未见调用工单详情接口,0,,,14,770,2026-10-10 03:07:59.440150,2026-10-10 03:07:16.409943,cat-qc-standard,0,0,0,问题类型：质检问题 问题描述：关于本机正品部件，一根线读取电池异常，选什么 转人工原因：回答内容无法理解
wo-8b143c92d57949a5bed8ddf3,2108755970871006208,疑似会话号(非工单号),本次日志未见调用工单详情接口,0,,,34,904,2026-10-10 03:07:59.455993,2026-10-10 03:06:29.066644,cat-qc-standard,0,0,0,问题类型：质检问题 问题描述：这个硬盘是品牌吗 转人工原因：更信任人工
wo-5feb243e9e7948ce91b7740d,2108753226797945344,疑似会话号(非工单号),本次日志未见调用工单详情接口,0,,,179,3339,2026-10-10 03:07:59.476786,2026-10-10 03:04:36.405806,cat-qc-standard,0,0,0,问题类型：质检问题 问题描述：苹果笔记本固件锁怎么查看？ 转人工原因：答非所问
wo-f8ba2232945340138e3cd32b,2108754531029356546,疑似会话号(非工单号),本次日志未见调用工单详情接口,0,,,39,1712,2026-10-10 03:07:59.490528,2026-10-10 03:03:41.932650,cat-extra-knowledge,0,0,0,问题类型：质检问题 问题描述：耳机是不是真的 转人工原因：更信任人工
wo-2b9ecb78ac8744c4a921cf3f,2108753876537577984,疑似会话号(非工单号),本次日志未见调用工单详情接口,0,,,91,1919,2026-10-10 03:07:59.493010,2026-10-10 03:03:41.148788,cat-qc-standard,0,0,0,问题类型：质检问题 问题描述：屏幕乱触怎么判定？ 转人工原因：答非所问
wo-eb6df6ca59ac4f0ea9efa701,2108752908588680192,疑似会话号(非工单号),本次日志未见调用工单详情接口,0,,,26,1051,2026-10-10 03:07:59.499226,2026-10-10 03:03:08.006755,cat-qc-standard,0,0,0,问题类型：质检问题 问题描述：这个是品牌硬盘吗 转人工原因：答非所问
wo-d1ca8d5f26564a9797e7e07d,2108753887044309504,疑似会话号(非工单号),本次日志未见调用工单详情接口,0,,,70,1421,2026-10-10 03:07:59.535292,2026-10-10 03:01:00.946792,cat-case-analysis,0,0,0,问题类型：质检问题 问题描述：取景器内部除了中间对称的图案，还有6个小黑点，怎么勾选？ 转人工原因：回答内容无法理解
wo-e656e7ac6c9f4b31969e55e2,2108752405142176769,疑似会话号(非工单号),本次日志未见调用工单详情接口,0,,,1468,1287,2026-10-10 03:07:59.546310,2026-10-10 03:00:42.793630,cat-qc-standard,0,0,0,问题类型：质检问题 问题描述：请求确认型号是否正确 转人工原因：更信任人工
wo-81b311f0436a4956927901d2,2108751582886629376,疑似会话号(非工单号),本次日志未见调用工单详情接口,0,,,73,1235,2026-10-10 03:07:59.560978,2026-10-10 03:00:08.769300,cat-qc-standard,0,0,0,问题类型：质检问题 问题描述：内存是品牌吗 转人工原因：更信任人工
wo-0069d5be55b1407dbbdc33b8,2108753437624632320,疑似会话号(非工单号),本次日志未见调用工单详情接口,0,,,27,1021,2026-10-10 03:07:59.580729,2026-10-10 02:58:47.630133,cat-qc-standard,0,0,0,问题类型：质检问题 问题描述：内存是品牌吗 转人工原因：答非所问
wo-bfcefbc85a9f44a0a45b47c8,2108769298792055809,疑似会话号(非工单号),工单详情查不到(123/124字节),4,124,124,73,923,2026-10-10 04:17:48.860686,2026-10-10 04:01:17.847723,cat-extra-knowledge,3,5,3,问题类型：质检问题 问题描述：转轴错位大于等于5mm如何判断？ 转人工原因：更信任人工
wo-90d5bfb17f564e37b13c1371,2108767839845352450,疑似会话号(非工单号),本次日志未见调用工单详情接口,0,,,20,1063,2026-10-10 04:17:48.877436,2026-10-10 03:56:25.722763,cat-case-analysis,0,0,0,问题类型：质检问题 问题描述：屏幕边界检测红线缺失是什么问题 转人工原因：更信任人工
wo-62bc9f0bbea8435fa4241d97,2108766440856228353,疑似会话号(非工单号),本次日志未见调用工单详情接口,0,,,35,1620,2026-10-10 04:17:48.887842,2026-10-10 03:55:03.666850,cat-qc-standard,0,0,0,问题类型：质检问题 问题描述：屏幕石墨纸褶皱需要判吗 转人工原因：更信任人工
wo-fb9ce7170c0b4c8888266b1d,2108767221168738816,疑似会话号(非工单号),本次日志未见调用工单详情接口,0,,,18,752,2026-10-10 04:17:48.898035,2026-10-10 03:54:25.401212,cat-qc-standard,0,0,0,问题类型：质检问题 问题描述：键盘这种掉漆算破损吗 转人工原因：更信任人工
wo-1a6179e93fab4f27add51a06,2108767186158883331,疑似会话号(非工单号),本次日志未见调用工单详情接口,0,,,13,1026,2026-10-10 04:17:48.903606,2026-10-10 03:54:18.731099,cat-qc-standard,0,0,0,问题类型：质检问题 问题描述：D壳印有序列号但与BIOS序列号不一致怎么判定？ 转人工原因：答非所问
wo-63eff7722b1743e08c85804e,2108766852317447168,疑似会话号(非工单号),本次日志未见调用工单详情接口,0,,,36,1067,2026-10-10 04:17:48.934114,2026-10-10 03:50:43.740109,cat-qc-standard,0,0,0,问题类型：质检问题 问题描述：内存和硬盘是不是品牌 转人工原因：更信任人工
wo-90aa75f6dca74235b809e361,2108766751138251776,疑似会话号(非工单号),本次日志未见调用工单详情接口,0,,,9,773,2026-10-10 04:17:48.936790,2026-10-10 03:50:37.780061,cat-qc-standard,0,0,0,问题类型：质检问题 问题描述：内存和硬盘是不是品牌 转人工原因：问题复杂不确定怎么问
wo-89b5c6f9799e40e3a8e4c932,2108793065975059457,疑似会话号(非工单号),本次日志未见调用工单详情接口,0,,,29,1385,2026-10-10 05:36:48.462739,2026-10-10 05:36:18.720823,cat-qc-standard,0,0,0,问题类型：质检问题 问题描述：内存和硬盘是不是品牌 转人工原因：回答内容无法理解
wo-65a4521f89ab41ec9d40f39a,2108790663410615296,疑似会话号(非工单号),本次日志未见调用工单详情接口,0,,,42,1332,2026-10-10 05:36:48.478456,2026-10-10 05:34:07.912524,cat-qc-standard,0,0,0,问题类型：质检问题 问题描述：请求确认型号是否正确 转人工原因：问题复杂不确定怎么问
wo-0789c618adfb4dd39211441f,2108792575962911744,疑似会话号(非工单号),本次日志未见调用工单详情接口,0,,,24,1164,2026-10-10 05:36:48.480911,2026-10-10 05:33:30.362121,cat-qc-standard,0,0,0,问题类型：质检问题 问题描述：屏幕黑边宽度不均匀但肉眼不明显，是否勾选异常？ 转人工原因：问题复杂不确定怎么问
wo-9df9f6dc07474be0a1a48f6b,2108791958951429120,疑似会话号(非工单号),本次日志未见调用工单详情接口,0,,,52,1003,2026-10-10 05:36:48.505711,2026-10-10 05:31:56.441760,cat-qc-standard,0,0,0,问题类型：质检问题 问题描述：请求确认型号是否正确 转人工原因：问题复杂不确定怎么问
wo-5694dbfd12ef4542a5ae7fa5,2108788346355450880,疑似会话号(非工单号),本次日志未见调用工单详情接口,0,,,24,965,2026-10-10 05:36:48.515287,2026-10-10 05:30:40.727944,cat-case-analysis,0,0,0,问题类型：质检问题 问题描述：偏光检测异常应如何判定 转人工原因：更信任人工
wo-9cf91ebbcc774f86acae9522,2108790894177031168,疑似会话号(非工单号),本次日志未见调用工单详情接口,0,,,17,546,2026-10-10 05:36:48.522753,2026-10-10 05:28:07.543240,cat-extra-knowledge,0,0,0,问题类型：质检问题 问题描述：笔记本脚垫泛黄要判吗？ 转人工原因：更信任人工
wo-44c0186740f145f59cec4b62,2108790082805699072,疑似会话号(非工单号),本次日志未见调用工单详情接口,0,,,30,968,2026-10-10 05:36:48.549871,2026-10-10 05:24:47.795418,cat-case-analysis,0,0,0,问题类型：质检问题 问题描述：屏幕支架断了咋算 转人工原因：问题复杂不确定怎么问
wo-25f3dd76845e4ec1a49dcb31,2108790478785745920,疑似会话号(非工单号),本次日志未见调用工单详情接口,0,,,12,850,2026-10-10 05:36:48.560668,2026-10-10 05:23:40.240545,cat-qc-process,0,0,0,问题类型：质检问题 问题描述：三星有sim锁 转人工原因：问题复杂不确定怎么问
wo-d3ab895d20da4609b7d79ccc,2108789517400936449,疑似会话号(非工单号),本次日志未见调用工单详情接口,0,,,24,1376,2026-10-10 05:36:48.570569,2026-10-10 05:21:59.252601,cat-qc-standard,0,0,0,问题类型：质检问题 问题描述：麻烦查一下这个机型是什么 转人工原因：更信任人工
wo-8fd2fd61f5aa4fc5b76ef13d,2108789042802856960,疑似会话号(非工单号),本次日志未见调用工单详情接口,0,,,11,1277,2026-10-10 05:36:48.587660,2026-10-10 05:18:58.016730,cat-extra-knowledge,0,0,0,问题类型：质检问题 问题描述：耳机购买渠道无法确认怎么办？ 转人工原因：答非所问
wo-c566855f72fd448f97d3b4ae,2108785189411885056,疑似会话号(非工单号),本次日志未见调用工单详情接口,0,,,83,1334,2026-10-10 05:36:48.600549,2026-10-10 05:18:15.325552,cat-qc-standard,0,0,0,问题类型：质检问题 问题描述：镜头有没有膜 转人工原因：更信任人工
wo-7fd8ab4cf0e9428fa1fbaa1a,2108799427538849793,疑似会话号(非工单号),工单详情查不到(123/124字节),1,123,123,18,886,2026-10-10 06:01:58.352722,2026-10-10 05:59:51.344295,cat-qc-standard,3,3,1,问题类型：质检问题 问题描述：屏幕漏液应该判定什么 转人工原因：回答内容无法理解
wo-fb9ca1206083450f8af4d3ae,2108795046059840513,疑似会话号(非工单号),工单详情查不到(123/124字节),2,123,123,69,1474,2026-10-10 06:01:58.372539,2026-10-10 05:59:28.130672,cat-qc-standard,3,3,1,问题类型：质检问题 问题描述：手表更换表带怎么判定？ 转人工原因：更信任人工
wo-6309a9e93c564473bd6a3873,2108798917725393409,疑似会话号(非工单号),工单详情查不到(123/124字节),2,124,124,30,1192,2026-10-10 06:01:58.378627,2026-10-10 05:59:05.736286,cat-qc-standard,3,3,1,问题类型：质检问题 问题描述：笔记本是什么型号 转人工原因：答非所问
wo-c3b2e635847f4d1581f0227e,2108798773315506176,疑似会话号(非工单号),工单详情查不到(123/124字节),1,124,124,46,1096,2026-10-10 06:01:58.382268,2026-10-10 05:58:44.704285,cat-qc-standard,3,3,1,问题类型：质检问题 问题描述：购买渠道 转人工原因：更信任人工
wo-2dc899d7b28e41fcbdd89451,2108797017927975936,疑似会话号(非工单号),工单详情查不到(123/124字节),1,123,123,80,1443,2026-10-10 06:01:58.416842,2026-10-10 05:56:27.783359,cat-qc-standard,1,3,1,问题类型：质检问题 问题描述：实际检测配置和官网配置不一致时以哪个为准？ 转人工原因：答非所问
wo-8d9dc90f05084cbfafd36620,2108797545919546370,疑似会话号(非工单号),工单详情查不到(123/124字节),1,123,123,24,789,2026-10-10 06:01:58.419947,2026-10-10 05:56:22.835100,cat-qc-standard,1,3,1,问题类型：质检问题 问题描述：手表更换表带怎么判定？ 转人工原因：更信任人工
wo-80a6af630dce43029434dd0e,2108796559738016257,疑似会话号(非工单号),工单详情查不到(123/124字节),1,124,124,15,728,2026-10-10 06:01:58.423262,2026-10-10 05:56:20.700531,cat-case-analysis,1,3,1,问题类型：质检问题 问题描述：偏光检测异常应如何判定 转人工原因：答非所问
wo-753fc33886d241cf84aa540d,2108798143687561216,疑似会话号(非工单号),本次日志未见调用工单详情接口,0,,,14,934,2026-10-10 06:01:58.429694,2026-10-10 05:56:12.639619,cat-qc-standard,0,0,0,问题类型：质检问题 问题描述：关于本机正品部件，一根线读取电池异常，选什么 转人工原因：问题复杂不确定怎么问
wo-758c7ac89ba144a39a98c70a,2108798000863121921,疑似会话号(非工单号),本次日志未见调用工单详情接口,0,,,16,846,2026-10-10 06:01:58.457238,2026-10-10 05:53:29.127239,cat-qc-standard,0,0,0,问题类型：质检问题 问题描述：板载内存/硬盘扩容怎么判定？ 转人工原因：回答内容无法理解
wo-352781a8c7c74e41964878b6,2108796671574938116,疑似会话号(非工单号),本次日志未见调用工单详情接口,0,,,30,1543,2026-10-10 06:01:58.461506,2026-10-10 05:53:27.440395,cat-qc-standard,0,0,0,问题类型：质检问题 问题描述：外壳有痕迹算刻字吗？ 转人工原因：该问题没有相关知识
wo-88d385de2bd24dce8b8b3eee,2108796990723724288,疑似会话号(非工单号),本次日志未见调用工单详情接口,0,,,18,845,2026-10-10 06:01:58.490815,2026-10-10 05:50:24.361572,cat-qc-standard,0,0,0,问题类型：质检问题 问题描述：板载内存/硬盘扩容怎么判定？ 转人工原因：答非所问
wo-3b7f0889897a4e02a464ffab,2108796042492252160,疑似会话号(非工单号),本次日志未见调用工单详情接口,0,,,14,956,2026-10-10 06:01:58.500188,2026-10-10 05:49:49.527270,cat-qc-standard,0,0,0,问题类型：质检问题 问题描述：屏幕更换后边框厚 转人工原因：问题复杂不确定怎么问
wo-9c8780ecff0b409e924db267,2108796924625687552,疑似会话号(非工单号),本次日志未见调用工单详情接口,0,,,38,1402,2026-10-10 06:01:58.505758,2026-10-10 05:49:13.126771,cat-qc-standard,0,0,0,问题类型：质检问题 问题描述：屏幕上面有个小坑黑屏红点 转人工原因：更信任人工
wo-0886759c2a2b4b2ab6f5bc28,2108796033206064128,疑似会话号(非工单号),本次日志未见调用工单详情接口,0,,,50,996,2026-10-10 06:04:57.378029,2026-10-10 05:47:43.393163,cat-qc-standard,0,0,0,问题类型：质检问题 问题描述：内存是品牌吗 转人工原因：该问题没有相关知识
wo-a673482109ce4cba83709443,2108794263025222657,疑似会话号(非工单号),本次日志未见调用工单详情接口,0,,,26,1255,2026-10-10 06:04:57.396130,2026-10-10 05:45:00.048158,cat-case-analysis,0,0,0,问题类型：质检问题 问题描述：摄像头画面出现其他颜色斑块怎么判定？ 转人工原因：更信任人工
wo-373411c079b94ca19823be61,2108794814865605632,疑似会话号(非工单号),本次日志未见调用工单详情接口,0,,,71,1304,2026-10-10 06:04:57.415839,2026-10-10 05:43:23.779621,cat-qc-standard,0,0,0,问题类型：质检问题 问题描述：屏幕溢胶 转人工原因：更信任人工
wo-0df142f4db0245d091a86660,2108794182079353344,疑似会话号(非工单号),本次日志未见调用工单详情接口,0,,,12,489,2026-10-10 06:04:57.427586,2026-10-10 05:40:34.774270,cat-case-analysis,0,0,0,问题类型：质检问题 问题描述：折叠屏内屏上磕点还是划痕 转人工原因：回答内容无法理解
wo-ecc6e2891218488ebd3d2eba,2108787257769988096,疑似会话号(非工单号),本次日志未见调用工单详情接口,0,,,15,875,2026-10-10 06:04:57.489622,2026-10-10 05:13:40.003948,cat-qc-standard,0,0,0,问题类型：质检问题 问题描述：屏幕排线有第三方标需要选什么 转人工原因：更信任人工
wo-dd2c3a696012417d83f89a55,2108787638453408769,疑似会话号(非工单号),本次日志未见调用工单详情接口,0,,,48,815,2026-10-10 06:04:57.493701,2026-10-10 05:12:14.386397,cat-qc-standard,0,0,0,问题类型：质检问题 问题描述：只要电池表面表皮破损就算电池破损吗？ 转人工原因：问题复杂不确定怎么问
wo-84431bb04dc24931b0cbcde1,2108781631736123904,疑似会话号(非工单号),本次日志未见调用工单详情接口,0,,,31,1339,2026-10-10 06:04:57.533911,2026-10-10 05:04:42.756189,cat-case-analysis,0,0,0,问题类型：质检问题 问题描述：偏光检测异常应如何判定 转人工原因：问题复杂不确定怎么问
wo-2266e2ceefcc4733a0ce3730,2108802415724597248,疑似会话号(非工单号),本次日志未见调用工单详情接口,0,,,11,848,2026-10-10 06:12:20.849450,2026-10-10 06:12:11.038396,cat-case-analysis,2,0,0,问题类型：质检问题 问题描述：偏光检测异常应如何判定 转人工原因：答非所问
wo-2769b62e71ff4a23991186c2,2108802341040820736,疑似会话号(非工单号),本次日志未见调用工单详情接口,0,,,87,1728,2026-10-10 06:12:20.855956,2026-10-10 06:12:08.392998,cat-case-analysis,2,0,0,问题类型：质检问题 问题描述：摄像头坏点判定及是否判前置异常？ 转人工原因：问题复杂不确定怎么问
wo-4d5963c2a1a14374b7f2207f,2108764162329936897,疑似会话号(非工单号),本次日志未见调用工单详情接口,0,,,98,1134,2026-10-10 06:12:20.860978,2026-10-10 06:12:07.421646,cat-extra-knowledge,2,0,0,问题类型：质检问题 问题描述：耳机怎么看真假 转人工原因：更信任人工
wo-687109e55be74e4187261d72,2108801775208240128,疑似会话号(非工单号),本次日志未见调用工单详情接口,0,,,4,707,2026-10-10 06:12:20.909948,2026-10-10 06:08:34.385747,cat-qc-standard,1,0,0,问题类型：质检问题 问题描述：关于本机正品部件，一根线读取电池异常，选什么 转人工原因：更信任人工
wo-bb38d37398a84335b71e3bc2,2108780351466770433,疑似会话号(非工单号),本次日志未见调用工单详情接口,0,,,26,1059,2026-10-10 06:12:21.070727,2026-10-10 04:47:49.873664,cat-case-analysis,0,0,0,问题类型：质检问题 问题描述：偏光检测异常应如何判定 转人工原因：更信任人工
wo-a5bdf9406cc942c9b2adc4e3,2108779343911064064,疑似会话号(非工单号),本次日志未见调用工单详情接口,0,,,50,1389,2026-10-10 06:12:21.109926,2026-10-10 04:42:24.724062,cat-qc-standard,0,0,0,问题类型：质检问题 问题描述：AirPods定位功能正常怎么判定？ 转人工原因：更信任人工
wo-3f11bf7172554cd5b0e97422,2108806322387423744,疑似会话号(非工单号),本次日志未见调用工单详情接口,0,,,21,771,2026-10-10 06:27:52.481803,2026-10-10 06:26:53.650065,cat-case-analysis,0,0,0,问题类型：质检问题 问题描述：偏光检测异常应如何判定 转人工原因：更信任人工
wo-b08b129e6baf4c7781f2dfe1,2108804424016072716,疑似会话号(非工单号),本次日志未见调用工单详情接口,0,,,22,675,2026-10-10 06:27:52.484803,2026-10-10 06:26:50.133411,cat-qc-standard,0,0,0,问题类型：质检问题 问题描述：触控板凹陷选什么 转人工原因：更信任人工
wo-9be4df47185f4f3c9a20f864,2108804574155379201,疑似会话号(非工单号),本次日志未见调用工单详情接口,0,,,54,911,2026-10-10 06:27:52.487673,2026-10-10 06:26:49.173869,cat-qc-standard,0,0,0,问题类型：质检问题 问题描述：笔记本内存硬盘是品牌的吗 转人工原因：更信任人工
wo-0cbe3b7e201b4973b0b5fcab,2108805347488564225,疑似会话号(非工单号),本次日志未见调用工单详情接口,0,,,58,1015,2026-10-10 06:27:52.490304,2026-10-10 06:26:43.255209,cat-extra-knowledge,0,0,0,问题类型：质检问题 问题描述：镜头型号选择以哪个为准？ 转人工原因：答非所问
wo-8225671245db4f15930e7595,2108803851019620352,疑似会话号(非工单号),本次日志未见调用工单详情接口,0,,,21,1212,2026-10-10 06:27:52.493170,2026-10-10 06:26:29.342869,cat-qc-standard,0,0,0,问题类型：质检问题 问题描述：品牌下无该型号能否回收 转人工原因：更信任人工
wo-c59213664efd427a9b1b5968,2108805348918825472,疑似会话号(非工单号),本次日志未见调用工单详情接口,0,,,100,456,2026-10-10 06:27:52.495774,2026-10-10 06:26:26.781011,cat-qc-standard,0,0,0,问题类型：质检问题 问题描述：手机边框磕碰如何判断 转人工原因：更信任人工
wo-6073201a4a7c418db71ae3cb,2108801799447122433,疑似会话号(非工单号),本次日志未见调用工单详情接口,0,,,75,1901,2026-10-10 06:27:52.523788,2026-10-10 06:21:27.392857,cat-extra-knowledge,0,0,0,问题类型：质检问题 问题描述：镜头型号选择以哪个为准？ 转人工原因：答非所问
wo-f3227cfa012243a4ba894689,2108802956324242432,疑似会话号(非工单号),本次日志未见调用工单详情接口,0,,,98,1472,2026-10-10 06:27:52.537278,2026-10-10 06:19:50.929039,cat-qc-standard,0,0,0,问题类型：质检问题 问题描述：老师屏幕 磕点大于一毫米怎么办 转人工原因：更信任人工
wo-6d4e757b76824ccab7d0a06f,2108803150755401728,疑似会话号(非工单号),本次日志未见调用工单详情接口,0,,,39,1171,2026-10-10 06:27:52.553639,2026-10-10 06:18:33.651502,cat-qc-standard,0,0,0,问题类型：质检问题 问题描述：天线处位置是否判为碎裂？ 转人工原因：更信任人工
wo-e0319112900d440e89827dc9,2108802773695861761,疑似会话号(非工单号),本次日志未见调用工单详情接口,0,,,98,1925,2026-10-10 06:27:52.558794,2026-10-10 06:17:34.499660,cat-qc-standard,0,0,0,问题类型：质检问题 问题描述：键盘掉漆 转人工原因：更信任人工
wo-b88aaaaf329a43768463837e,2108743158660599809,疑似会话号(非工单号),本次日志未见调用工单详情接口,0,,,72,917,2026-10-10 06:27:52.570405,2026-10-10 06:16:11.051682,cat-qc-standard,0,0,0,问题类型：质检问题 问题描述：后壳更换 转人工原因：更信任人工
wo-5b0eef80e87440439aedc3b5,2108801815117042689,疑似会话号(非工单号),本次日志未见调用工单详情接口,0,,,52,1055,2026-10-10 06:27:52.585488,2026-10-10 06:12:47.336882,cat-qc-standard,0,0,0,问题类型：质检问题 问题描述：内存是品牌吗 转人工原因：答非所问
wo-6cdced9678104eb68d9e0fe3,2108801802265695233,疑似会话号(非工单号),本次日志未见调用工单详情接口,0,,,15,547,2026-10-10 06:27:52.588451,2026-10-10 06:12:34.623564,cat-qc-standard,0,0,0,问题类型：质检问题 问题描述：内存是品牌吗 转人工原因：答非所问
